system,workload,autocorrelation
kanzi,ambivert,0.3363353727907072
kanzi,artificl,0.37810131080379195
kanzi,deepfield,0.33576617011993415
kanzi,enwik8,0.31613416974474784
kanzi,fannie_mae_500k,0.30991407164319074
kanzi,large,0.32936557874576966
kanzi,misc,0.3808692994331561
kanzi,silesia,0.31608055829762516
kanzi,vmlinux,0.43802732116495546
